test/markdown-preview.test.ts	test/integration/markdown-preview.test.ts
test/api-keys.test.ts	test/integration/api-keys.test.ts
test/lib/cold-boot-queries.test.ts	test/integration/cold-boot-queries.test.ts
test/lib/server-owner-routes.test.ts	test/integration/server/owner-routes.test.ts
test/lib/server-api-packages.test.ts	test/integration/server/api-packages.test.ts
test/lib/server-parents-duplicate.test.ts	test/integration/server/parents-duplicate.test.ts
test/lib/server-listings/delete.test.ts	test/integration/server/listings/delete.test.ts
test/lib/server-listings/recalculate.test.ts	test/integration/server/listings/recalculate.test.ts
test/lib/server-listings/edit-post-basics.test.ts	test/integration/server/listings/edit-post-basics.test.ts
test/lib/server-feeds.test.ts	test/integration/server/feeds.test.ts
test/lib/server-catalog-transfer.test.ts	test/integration/server/catalog-transfer-routes.test.ts
test/lib/server-public/closes-at.test.ts	test/integration/server/public/closes-at.test.ts
test/lib/server-public/ticket-multi-post.test.ts	test/integration/server/public/ticket-multi-post.test.ts
test/lib/server-public/listings-display.test.ts	test/integration/server/public/listings-display.test.ts
test/lib/server-public/ticket-multi-get.test.ts	test/integration/server/public/ticket-multi-get.test.ts
test/lib/server-public/ticket-slug-post.test.ts	test/integration/server/public/ticket-slug-post.test.ts
test/lib/server-public/home.test.ts	test/integration/server/public/home.test.ts
test/lib/server-public/listings-fields-and-dates.test.ts	test/integration/server/public/listings-fields-and-dates.test.ts
test/lib/server-public/terms-and-contact.test.ts	test/integration/server/public/terms-and-contact.test.ts
test/lib/server-public/ticket-slug-get.test.ts	test/integration/server/public/ticket-slug-get.test.ts
test/lib/server-public/ticket-slug-get-group.test.ts	test/integration/server/public/ticket-slug-get-group.test.ts
test/lib/server-public/static-assets.test.ts	test/integration/server/public/static-assets.test.ts
test/lib/server-public/listing-id-manipulation.test.ts	test/integration/server/public/listing-id-manipulation.test.ts
test/lib/server-public/health.test.ts	test/integration/server/public/health.test.ts
test/lib/server-scanner.test.ts	test/integration/server/scanner.test.ts
test/lib/server-qr-book.test.ts	test/integration/server/qr-book.test.ts
test/lib/server-group-packages.test.ts	test/integration/server/group-packages.test.ts
test/lib/server-site-page-public.test.ts	test/integration/server/site-page-public.test.ts
test/lib/server-admin-image-edit-delete.test.ts	test/integration/server/admin-image-edit-delete.test.ts
test/lib/order-js.test.ts	test/integration/order-js.test.ts
test/lib/server-parents-booking/qr-book.test.ts	test/integration/server/parents-booking/qr-book.test.ts
test/lib/server-parents-booking/group-pages.test.ts	test/integration/server/parents-booking/group-pages.test.ts
test/lib/address-lookup/route.test.ts	test/integration/address-lookup/route.test.ts
test/lib/server-booking-preserve.test.ts	test/integration/server/booking-preserve.test.ts
test/lib/server-news-feed.test.ts	test/integration/server/news-feed.test.ts
test/lib/server-order.test.ts	test/integration/server/order.test.ts
test/lib/server-listing-qr-admin.test.ts	test/integration/server/listing-qr-admin.test.ts
test/lib/owner-footer.test.ts	test/integration/owner-footer.test.ts
test/lib/server-listings-filter.test.ts	test/integration/server/listings-filter.test.ts
test/lib/server-calculate.test.ts	test/integration/server/calculate.test.ts
test/lib/server-site.test.ts	test/integration/server/site.test.ts
test/lib/server-wallet-webservice.test.ts	test/integration/server/wallet-webservice.test.ts
test/lib/server-editor.test.ts	test/integration/server/editor.test.ts
test/lib/server-images/deletion.test.ts	test/integration/server/images/deletion.test.ts
test/lib/server-images/create.test.ts	test/integration/server/images/create.test.ts
test/lib/server-images/attachment-edit.test.ts	test/integration/server/images/attachment-edit.test.ts
test/lib/server-images/attachment-delete.test.ts	test/integration/server/images/attachment-delete.test.ts
test/lib/server-images/messages.test.ts	test/integration/server/images/messages.test.ts
test/lib/server-images/upload.test.ts	test/integration/server/images/upload.test.ts
test/lib/server-attributes.test.ts	test/integration/server/attributes.test.ts
test/lib/server-attendee-logistics.test.ts	test/integration/server/attendee-logistics.test.ts
test/lib/server-settings/embed-hosts.test.ts	test/integration/server/settings/embed-hosts.test.ts
test/lib/server-settings/theme.test.ts	test/integration/server/settings/theme.test.ts
test/lib/server-settings/reset-database.test.ts	test/integration/server/settings/reset-database.test.ts
test/lib/server-settings/booking-fee.test.ts	test/integration/server/settings/booking-fee.test.ts
test/lib/server-settings/email-templates.test.ts	test/integration/server/settings/email-templates.test.ts
test/lib/server-settings/demo-mode.test.ts	test/integration/server/settings/demo-mode.test.ts
test/lib/server-settings/square.test.ts	test/integration/server/settings/square.test.ts
test/lib/server-settings/terms.test.ts	test/integration/server/settings/terms.test.ts
test/lib/server-settings/domains.test.ts	test/integration/server/settings/domains.test.ts
test/lib/server-settings/password.test.ts	test/integration/server/settings/password.test.ts
test/lib/server-settings/custom-css.test.ts	test/integration/server/settings/custom-css.test.ts
test/lib/server-settings/apple-wallet.test.ts	test/integration/server/settings/apple-wallet.test.ts
test/lib/server-settings/superuser.test.ts	test/integration/server/settings/superuser.test.ts
test/lib/server-settings/show-public-api.test.ts	test/integration/server/settings/show-public-api.test.ts
test/lib/server-settings/business-email.test.ts	test/integration/server/settings/business-email.test.ts
test/lib/server-settings/sensitive-field-masking.test.ts	test/integration/server/settings/sensitive-field-masking.test.ts
test/lib/server-settings/external-order.test.ts	test/integration/server/settings/external-order.test.ts
test/lib/admin-api-security.test.ts	test/integration/admin-api-security.test.ts
test/lib/server-cart-packages.test.ts	test/integration/server/cart-packages.test.ts
test/lib/server-support.test.ts	test/integration/server/support.test.ts
test/lib/server-questions/listing-questions.test.ts	test/integration/server/questions/listing-questions.test.ts
test/lib/server-daily-packages.test.ts	test/integration/server/daily-packages.test.ts
test/lib/server-holidays.test.ts	test/integration/server/holidays.test.ts
test/lib/attachment-route.test.ts	test/integration/attachment-route.test.ts
test/lib/server-listing-qr.test.ts	test/integration/server/listing-qr.test.ts
test/lib/server-groups/tabs.test.ts	test/integration/server/groups/tabs.test.ts
test/lib/server-groups/edit-delete.test.ts	test/integration/server/groups/edit-delete.test.ts
test/lib/server-groups/actions.test.ts	test/integration/server/groups/actions.test.ts
test/lib/server-groups/crud.test.ts	test/integration/server/groups/crud.test.ts
test/lib/server-news-public.test.ts	test/integration/server/news-public.test.ts
test/lib/server-setup.test.ts	test/integration/server/setup.test.ts
test/lib/server-bookable-alone.test.ts	test/integration/server/bookable-alone.test.ts
test/lib/server-order-selection.test.ts	test/integration/server/order-selection.test.ts
test/lib/server-agent-deliveries.test.ts	test/integration/server/agent-deliveries.test.ts
test/lib/server-demo-reset.test.ts	test/integration/server/demo-reset.test.ts
test/lib/server-contact.test.ts	test/integration/server/contact.test.ts
test/lib/server-attendees/delete.test.ts	test/integration/server/attendees/delete.test.ts
test/lib/server-attendees/resend-notification.test.ts	test/integration/server/attendees/resend-notification.test.ts
test/lib/server-attendees/checkin.test.ts	test/integration/server/attendees/checkin.test.ts
test/lib/server-attendees/attendee-edit.test.ts	test/integration/server/attendees/attendee-edit.test.ts
test/lib/server-parents-discovery.test.ts	test/integration/server/parents-discovery.test.ts
test/lib/forms/refill.test.ts	test/integration/forms/refill.test.ts
test/lib/server-site-content-forms.test.ts	test/integration/server/site-content-forms.test.ts
test/lib/server-seeds.test.ts	test/integration/server/seeds.test.ts
test/routes/unsubscribe.test.ts	test/integration/routes/unsubscribe.test.ts
test/routes/api/book-basics.test.ts	test/integration/routes/api/book-basics.test.ts
test/routes/api/misc.test.ts	test/integration/routes/api/misc.test.ts
test/bulk-actions/landing.test.ts	test/integration/bulk-actions/landing.test.ts
